SOURCE;TARGET;WEIGHT
1;2;680
1;3;84
1;4;18
1;5;30
1;6;9
1;7;32
1;8;229
1;9;258
1;10;33
1;11;14
1;12;15
1;13;37
1;14;17
1;15;87
1;16;191
1;17;47
1;18;36
1;19;284
1;20;16
1;21;43
1;22;71
1;23;42
1;24;66
1;25;13
1;26;59
1;27;19
1;28;36
1;29;4
1;30;725
1;31;79
1;32;719
1;33;23
1;34;9
1;35;6
1;36;51
1;37;23
1;38;25
1;39;12
1;40;49
1;41;9
1;42;75
1;43;2
1;44;34
1;45;16
1;46;133
1;47;722
1;48;15
1;49;4
1;50;57
1;51;1
1;52;13
2;1;465
2;3;382
2;4;119
2;5;225
2;6;50
2;7;106
2;8;762
2;9;1467
2;10;229
2;11;106
2;12;85
2;13;194
2;14;128
2;15;221
2;16;178
2;17;135
2;18;168
2;19;95
2;20;152
2;21;204
2;22;367
2;23;101
2;24;70
2;25;65
2;26;163
2;27;104
2;28;102
2;29;29
2;30;3276
2;31;480
2;32;2672
2;33;175
2;34;47
2;35;37
2;36;271
2;37;89
2;38;92
2;39;63
2;40;245
2;41;41
2;42;275
2;43;22
2;44;182
2;45;45
2;46;237
2;47;2769
2;48;143
2;49;27
2;50;216
2;51;30
2;52;61
3;1;69
3;2;402
3;4;39
3;5;63
3;6;12
3;7;36
3;8;237
3;9;750
3;10;65
3;11;30
3;12;16
3;13;171
3;14;37
3;15;46
3;16;55
3;17;100
3;18;37
3;19;18
3;20;55
3;21;116
3;22;1293
3;23;31
3;24;116
3;25;46
3;26;184
3;27;20
3;28;120
3;29;14
3;30;969
3;31;628
3;32;932
3;33;65
3;34;19
3;35;6
3;36;108
3;37;30
3;38;27
3;39;17
3;40;102
3;41;21
3;42;224
3;43;8
3;44;100
3;45;13
3;46;73
3;47;308
3;48;20
3;49;5
3;50;80
3;51;17
3;52;122
4;1;16
4;2;86
4;3;32
4;5;39
4;6;7
4;7;11
4;8;61
4;9;248
4;10;750
4;11;229
4;12;21
4;13;24
4;14;79
4;15;16
4;16;12
4;17;20
4;18;52
4;19;5
4;20;357
4;21;12
4;22;21
4;23;5
4;24;8
4;25;16
4;26;11
4;27;39
4;28;31
4;29;12
4;30;406
4;31;71
4;32;44
4;33;161
4;34;20
4;35;26
4;36;40
4;37;34
4;38;239
4;39;17
4;40;19
4;41;8
4;42;44
4;44;13
4;45;4
4;46;43
4;47;75
4;48;63
4;49;17
4;50;56
4;52;5
5;1;16
5;2;249
5;3;60
5;4;60
5;6;28
5;7;26
5;8;297
5;9;556
5;10;188
5;11;96
5;12;52
5;13;96
5;14;342
5;15;52
5;16;31
5;17;26
5;18;331
5;19;21
5;20;84
5;21;59
5;22;59
5;23;44
5;24;30
5;25;20
5;26;29
5;27;552
5;28;26
5;29;332
5;30;1925
5;31;176
5;32;101
5;33;120
5;34;67
5;35;47
5;36;245
5;37;183
5;38;52
5;39;95
5;40;205
5;41;30
5;42;99
5;43;14
5;44;76
5;45;16
5;46;104
5;47;202
5;48;149
5;49;59
5;50;111
5;51;14
5;52;13
6;1;12
6;2;73
6;3;18
6;4;13
6;5;39
6;7;9
6;8;32
6;9;69
6;10;29
6;11;29
6;12;60
6;13;19
6;14;30
6;15;12
6;16;18
6;17;12
6;18;19
6;19;14
6;20;24
6;21;10
6;22;21
6;23;23
6;24;12
6;25;6
6;26;9
6;27;36
6;28;12
6;29;12
6;30;1938
6;31;47
6;32;24
6;33;16
6;34;3
6;35;22
6;36;19
6;37;12
6;38;11
6;39;146
6;40;29
6;41;69
6;42;14
6;43;16
6;44;10
6;45;8
6;46;158
6;47;55
6;48;137
6;49;16
6;50;19
6;51;3
6;52;1
7;1;25
7;2;167
7;3;51
7;4;23
7;5;25
7;6;15
7;8;331
7;9;487
7;10;91
7;11;28
7;12;640
7;13;168
7;14;32
7;15;41
7;16;86
7;17;186
7;18;31
7;19;22
7;20;71
7;21;73
7;22;73
7;23;51
7;24;170
7;25;17
7;26;36
7;27;31
7;28;38
7;29;13
7;30;1597
7;31;235
7;32;81
7;33;52
7;34;9
7;35;7
7;36;139
7;37;43
7;38;33
7;39;70
7;40;113
7;41;18
7;42;628
7;43;9
7;44;58
7;45;4
7;46;184
7;47;127
7;48;52
7;49;12
7;50;97
7;51;20
7;52;12
8;1;116
8;2;637
8;3;196
8;4;31
8;5;260
8;6;16
8;7;169
8;9;2592
8;10;149
8;11;56
8;12;88
8;13;354
8;14;92
8;15;161
8;16;111
8;17;223
8;18;224
8;19;38
8;20;109
8;21;268
8;22;578
8;23;53
8;24;83
8;25;69
8;26;191
8;27;101
8;28;109
8;29;36
8;30;2164
8;31;505
8;32;341
8;33;110
8;34;50
8;35;20
8;36;414
8;37;210
8;38;41
8;39;75
8;40;341
8;41;25
8;42;492
8;43;15
8;44;205
8;45;30
8;46;89
8;47;1066
8;48;89
8;49;36
8;50;173
8;51;22
8;52;50
9;1;154
9;2;1149
9;3;850
9;4;221
9;5;333
9;6;55
9;7;406
9;8;2568
9;10;540
9;11;152
9;12;212
9;13;638
9;14;241
9;15;687
9;16;219
9;17;455
9;18;461
9;19;146
9;20;404
9;21;5704
9;22;784
9;23;122
9;24;232
9;25;472
9;26;313
9;27;290
9;28;2016
9;29;296
9;30;4368
9;31;1200
9;32;812
9;33;441
9;34;253
9;35;71
9;36;647
9;37;318
9;38;191
9;39;153
9;40;640
9;41;43
9;42;809
9;43;81
9;44;5646
9;45;240
9;46;219
9;47;1554
9;48;171
9;49;99
9;50;849
9;51;95
9;52;156
10;1;15
10;2;195
10;3;71
10;4;823
10;5;151
10;6;18
10;7;52
10;8;190
10;9;562
10;11;435
10;12;72
10;13;89
10;14;1148
10;15;52
10;16;29
10;17;24
10;18;156
10;19;3
10;20;904
10;21;35
10;22;40
10;23;14
10;24;20
10;25;30
10;26;24
10;27;113
10;28;29
10;29;78
10;30;1244
10;31;157
10;32;91
10;33;277
10;34;70
10;35;100
10;36;142
10;37;75
10;38;290
10;39;65
10;40;108
10;41;18
10;42;73
10;43;13
10;44;55
10;45;7
10;46;38
10;47;185
10;48;82
10;49;65
10;50;114
10;51;6
10;52;6
11;1;6
11;2;149
11;3;37
11;4;497
11;5;76
11;6;21
11;7;33
11;8;77
11;9;223
11;10;523
11;12;21
11;13;29
11;14;221
11;15;23
11;16;30
11;17;30
11;18;37
11;19;12
11;20;90
11;21;14
11;22;21
11;23;27
11;24;22
11;25;13
11;26;8
11;27;104
11;28;32
11;29;13
11;30;980
11;31;73
11;32;68
11;33;90
11;34;28
11;35;118
11;36;58
11;37;46
11;38;175
11;39;56
11;40;41
11;41;62
11;42;38
11;43;100
11;44;31
11;45;2
11;46;29
11;47;86
11;48;242
11;49;21
11;50;102
11;51;5
11;52;5
12;1;28
12;2;103
12;3;44
12;4;36
12;5;56
12;6;45
12;7;634
12;8;148
12;9;266
12;10;88
12;11;32
12;13;79
12;14;32
12;15;37
12;16;60
12;17;24
12;18;34
12;19;4
12;20;86
12;21;30
12;22;65
12;23;57
12;24;70
12;25;14
12;26;24
12;27;21
12;28;18
12;29;13
12;30;1753
12;31;87
12;32;90
12;33;71
12;34;17
12;35;12
12;36;53
12;37;32
12;38;34
12;39;290
12;40;68
12;41;17
12;42;124
12;43;9
12;44;45
12;45;6
12;46;285
12;47;106
12;48;48
12;49;19
12;50;49
12;51;6
12;52;1
13;1;27
13;2;205
13;3;195
13;4;55
13;5;88
13;6;17
13;7;162
13;8;777
13;9;745
13;10;119
13;11;51
13;12;48
13;14;61
13;15;71
13;16;40
13;17;255
13;18;279
13;19;21
13;20;89
13;21;111
13;22;371
13;23;60
13;24;289
13;25;34
13;26;149
13;27;39
13;28;31
13;29;20
13;30;2080
13;31;1672
13;32;322
13;33;90
13;34;13
13;35;15
13;36;573
13;37;88
13;38;32
13;39;22
13;40;266
13;41;14
13;42;1960
13;43;6
13;44;91
13;45;14
13;46;97
13;47;248
13;48;49
13;49;16
13;50;139
13;51;286
13;52;51
14;1;14
14;2;139
14;3;41
14;4;87
14;5;364
14;6;10
14;7;22
14;8;132
14;9;331
14;10;1296
14;11;159
14;12;25
14;13;63
14;15;39
14;16;27
14;17;26
14;18;110
14;19;11
14;20;115
14;21;40
14;22;26
14;23;30
14;24;15
14;25;14
14;26;14
14;27;77
14;28;16
14;29;25
14;30;1117
14;31;120
14;32;64
14;33;95
14;34;23
14;35;120
14;36;133
14;37;52
14;38;82
14;39;38
14;40;118
14;41;11
14;42;78
14;43;5
14;44;52
14;45;6
14;46;42
14;47;128
14;48;127
14;49;16
14;50;69
14;51;9
14;52;3
15;1;92
15;2;374
15;3;120
15;4;47
15;5;48
15;6;6
15;7;35
15;8;247
15;9;865
15;10;64
15;11;14
15;12;27
15;13;63
15;14;32
15;16;33
15;17;39
15;18;32
15;19;43
15;20;59
15;21;108
15;22;55
15;23;21
15;24;35
15;25;65
15;26;31
15;27;26
15;28;174
15;29;16
15;30;558
15;31;110
15;32;179
15;33;67
15;34;14
15;35;11
15;36;63
15;37;37
15;38;44
15;39;18
15;40;48
15;41;2
15;42;83
15;43;14
15;44;428
15;45;147
15;46;50
15;47;1992
15;48;29
15;49;12
15;50;217
15;51;17
15;52;5
16;1;206
16;2;472
16;3;119
16;4;28
16;5;59
16;6;23
16;7;81
16;8;163
16;9;304
16;10;50
16;11;25
16;12;44
16;13;84
16;14;18
16;15;63
16;17;162
16;18;42
16;19;119
16;20;32
16;21;46
16;22;126
16;23;99
16;24;53
16;25;16
16;26;119
16;27;25
16;28;31
16;29;9
16;30;2338
16;31;217
16;32;234
16;33;34
16;34;6
16;35;7
16;36;72
16;37;17
16;38;31
16;39;15
16;40;49
16;41;29
16;42;130
16;43;8
16;44;65
16;45;7
16;46;523
16;47;334
16;48;48
16;49;12
16;50;63
16;51;10
16;52;7
17;1;31
17;2;166
17;3;200
17;4;21
17;5;25
17;6;9
17;7;175
17;8;356
17;9;491
17;10;31
17;11;29
17;12;49
17;13;293
17;14;29
17;15;63
17;16;129
17;18;29
17;19;33
17;20;35
17;21;62
17;22;434
17;23;27
17;24;165
17;25;27
17;26;311
17;27;15
17;28;49
17;29;8
17;30;1140
17;31;1476
17;32;143
17;33;47
17;34;15
17;35;3
17;36;202
17;37;20
17;38;41
17;39;12
17;40;83
17;41;20
17;42;831
17;43;11
17;44;82
17;45;5
17;46;84
17;47;175
17;48;35
17;49;5
17;50;116
17;51;46
17;52;41
18;1;20
18;2;200
18;3;57
18;4;48
18;5;273
18;6;13
18;7;39
18;8;258
18;9;606
18;10;126
18;11;32
18;12;24
18;13;253
18;14;96
18;15;48
18;16;23
18;17;19
18;19;8
18;20;86
18;21;56
18;22;54
18;23;53
18;24;33
18;25;5
18;26;11
18;27;180
18;28;32
18;29;864
18;30;1632
18;31;136
18;32;234
18;33;57
18;34;378
18;35;19
18;36;465
18;37;1638
18;38;39
18;39;45
18;40;235
18;41;10
18;42;97
18;43;13
18;44;52
18;45;10
18;46;56
18;47;184
18;48;67
18;49;31
18;50;101
18;51;16
18;52;14
19;1;372
19;2;172
19;3;38
19;4;5
19;5;15
19;6;6
19;7;21
19;8;75
19;9;192
19;10;23
19;11;15
19;12;17
19;13;26
19;14;15
19;15;51
19;16;140
19;17;24
19;18;21
19;20;24
19;21;19
19;22;26
19;23;87
19;24;29
19;25;7
19;26;14
19;27;14
19;28;29
19;29;5
19;30;1321
19;31;48
19;32;149
19;33;17
19;34;8
19;35;6
19;36;21
19;37;7
19;38;12
19;39;10
19;40;17
19;41;17
19;42;29
19;43;3
19;44;32
19;45;17
19;46;182
19;47;730
19;48;19
19;49;5
19;50;54
19;51;2
19;52;1
20;1;17
20;2;144
20;3;35
20;4;423
20;5;58
20;6;9
20;7;56
20;8;91
20;9;397
20;10;910
20;11;78
20;12;51
20;13;65
20;14;84
20;15;38
20;16;18
20;17;28
20;18;82
20;19;8
20;21;51
20;22;42
20;23;14
20;24;30
20;25;35
20;26;32
20;27;26
20;28;25
20;29;18
20;30;666
20;31;107
20;32;46
20;33;624
20;34;44
20;35;30
20;36;93
20;37;57
20;38;129
20;39;75
20;40;58
20;41;16
20;42;54
20;43;15
20;44;43
20;45;6
20;46;27
20;47;128
20;48;45
20;49;26
20;50;108
20;51;10
20;52;9
21;1;22
21;2;173
21;3;146
21;4;11
21;5;77
21;6;13
21;7;61
21;8;254
21;9;6034
21;10;54
21;11;17
21;12;29
21;13;104
21;14;36
21;15;99
21;16;15
21;17;45
21;18;59
21;19;13
21;20;57
21;22;135
21;23;33
21;24;38
21;25;60
21;26;82
21;27;34
21;28;304
21;29;15
21;30;418
21;31;229
21;32;134
21;33;75
21;34;28
21;35;4
21;36;137
21;37;44
21;38;23
21;39;22
21;40;129
21;41;9
21;42;97
21;43;9
21;44;345
21;45;25
21;46;47
21;47;181
21;48;17
21;49;19
21;50;117
21;51;14
21;52;76
22;1;47
22;2;362
22;3;1562
22;4;30
22;5;63
22;6;8
22;7;58
22;8;752
22;9;858
22;10;65
22;11;26
22;12;33
22;13;315
22;14;33
22;15;39
22;16;92
22;17;267
22;18;54
22;19;22
22;20;72
22;21;138
22;23;40
22;24;132
22;25;31
22;26;563
22;27;33
22;28;59
22;29;15
22;30;1433
22;31;1806
22;32;579
22;33;57
22;34;11
22;35;5
22;36;203
22;37;40
22;38;39
22;39;19
22;40;140
22;41;10
22;42;430
22;43;8
22;44;109
22;45;6
22;46;80
22;47;225
22;48;23
22;49;5
22;50;102
22;51;74
22;52;134
23;1;21
23;2;146
23;3;39
23;4;24
23;5;44
23;6;23
23;7;34
23;8;46
23;9;166
23;10;34
23;11;20
23;12;45
23;13;37
23;14;35
23;15;33
23;16;58
23;17;21
23;18;33
23;19;63
23;20;26
23;21;23
23;22;25
23;24;26
23;25;17
23;26;26
23;27;21
23;28;17
23;29;4
23;30;4055
23;31;68
23;32;73
23;33;29
23;34;15
23;35;12
23;36;61
23;37;21
23;38;14
23;39;25
23;40;28
23;41;13
23;42;36
23;43;29
23;44;22
23;45;22
23;46;161
23;47;118
23;48;23
23;49;13
23;50;107
23;51;3
23;52;3
24;1;52
24;2;90
24;3;116
24;4;25
24;5;33
24;6;3
24;7;181
24;8;155
24;9;314
24;10;33
24;11;15
24;12;50
24;13;293
24;14;24
24;15;36
24;16;45
24;17;140
24;18;22
24;19;8
24;20;35
24;21;57
24;22;151
24;23;13
24;25;28
24;26;50
24;27;13
24;28;97
24;29;9
24;30;598
24;31;319
24;32;101
24;33;30
24;34;14
24;35;4
24;36;120
24;37;30
24;38;22
24;39;19
24;40;71
24;41;28
24;42;1724
24;43;5
24;44;66
24;45;3
24;46;48
24;47;93
24;48;37
24;49;5
24;50;66
24;51;13
24;52;12
25;1;5
25;2;81
25;3;51
25;4;20
25;5;40
25;6;11
25;7;12
25;8;55
25;9;544
25;10;28
25;11;26
25;12;6
25;13;27
25;14;25
25;15;65
25;16;8
25;17;12
25;18;5
25;19;15
25;20;38
25;21;63
25;22;26
25;23;11
25;24;27
25;26;12
25;27;16
25;28;430
25;29;5
25;30;265
25;31;24
25;32;50
25;33;107
25;34;8
25;35;4
25;36;26
25;37;16
25;38;35
25;39;5
25;40;29
25;41;6
25;42;22
25;43;5
25;44;129
25;45;34
25;46;26
25;47;111
25;48;8
25;49;5
25;50;939
25;51;1
25;52;1
26;1;85
26;2;298
26;3;488
26;4;27
26;5;31
26;6;11
26;7;48
26;8;397
26;9;485
26;10;56
26;11;24
26;12;31
26;13;217
26;14;20
26;15;56
26;16;162
26;17;420
26;18;32
26;19;23
26;20;40
26;21;128
26;22;982
26;23;27
26;24;138
26;25;25
26;27;11
26;28;122
26;29;8
26;30;1155
26;31;1006
26;32;317
26;33;104
26;34;12
26;35;8
26;36;108
26;37;21
26;38;31
26;39;17
26;40;60
26;41;10
26;42;379
26;43;17
26;44;123
26;45;17
26;46;83
26;47;255
26;48;32
26;49;4
26;50;85
26;51;42
26;52;38
27;1;27
27;2;165
27;3;25
27;4;47
27;5;729
27;6;34
27;7;35
27;8;143
27;9;319
27;10;115
27;11;104
27;12;21
27;13;33
27;14;138
27;15;59
27;16;8
27;17;19
27;18;213
27;19;14
27;20;49
27;21;42
27;22;52
27;23;32
27;24;16
27;25;21
27;26;10
27;28;15
27;29;122
27;30;1344
27;31;99
27;32;69
27;33;60
27;34;163
27;35;117
27;36;105
27;37;159
27;38;51
27;39;120
27;40;113
27;41;39
27;42;91
27;43;11
27;44;44
27;45;9
27;46;75
27;47;155
27;48;307
27;49;142
27;50;138
27;51;5
27;52;9
28;1;11
28;2;120
28;3;101
28;4;48
28;5;42
28;6;6
28;7;17
28;8;157
28;9;2559
28;10;44
28;11;32
28;12;9
28;13;35
28;14;10
28;15;118
28;16;9
28;17;19
28;18;24
28;19;18
28;20;50
28;21;301
28;22;59
28;23;17
28;24;83
28;25;338
28;26;43
28;27;28
28;29;17
28;30;272
28;31;88
28;32;131
28;33;89
28;34;10
28;35;2
28;36;42
28;37;45
28;38;23
28;39;13
28;40;33
28;41;7
28;42;40
28;43;7
28;44;713
28;45;30
28;46;21
28;47;228
28;48;20
28;49;6
28;50;242
28;51;12
28;52;35
29;1;4
29;2;54
29;3;13
29;4;16
29;5;244
29;6;6
29;7;15
29;8;43
29;9;236
29;10;51
29;11;14
29;12;6
29;13;32
29;14;34
29;15;15
29;16;1
29;17;10
29;18;1098
29;19;5
29;20;25
29;21;16
29;22;13
29;23;15
29;24;7
29;25;5
29;26;6
29;27;91
29;28;7
29;30;392
29;31;27
29;32;27
29;33;17
29;34;252
29;35;11
29;36;61
29;37;426
29;38;20
29;39;1
29;40;25
29;41;6
29;42;25
29;43;2
29;44;42
29;45;2
29;46;12
29;47;39
29;48;31
29;49;6
29;50;26
29;51;1
29;52;1
30;1;347
30;2;2979
30;3;787
30;4;327
30;5;1233
30;6;1202
30;7;875
30;8;2203
30;9;4198
30;10;806
30;11;495
30;12;1073
30;13;1296
30;14;737
30;15;435
30;16;1137
30;17;503
30;18;1075
30;19;648
30;20;597
30;21;345
30;22;856
30;23;3658
30;24;386
30;25;215
30;26;460
30;27;675
30;28;242
30;29;310
30;31;2428
30;32;1496
30;33;583
30;34;311
30;35;176
30;36;1430
30;37;773
30;38;367
30;39;653
30;40;1076
30;41;861
30;42;1388
30;43;185
30;44;375
30;45;79
30;46;8023
30;47;2436
30;48;744
30;49;337
30;50;963
30;51;156
30;52;138
31;1;34
31;2;431
31;3;655
31;4;55
31;5;126
31;6;22
31;7;139
31;8;581
31;9;1128
31;10;162
31;11;50
31;12;45
31;13;1408
31;14;60
31;15;52
31;16;98
31;17;706
31;18;81
31;19;25
31;20;115
31;21;189
31;22;1134
31;23;83
31;24;175
31;25;27
31;26;336
31;27;64
31;28;68
31;29;30
31;30;2912
31;32;336
31;33;154
31;34;25
31;35;15
31;36;424
31;37;79
31;38;52
31;39;60
31;40;278
31;41;23
31;42;1032
31;43;15
31;44;106
31;45;17
31;46;129
31;47;348
31;48;77
31;49;9
31;50;155
31;51;277
31;52;229
32;1;447
32;2;2876
32;3;859
32;4;126
32;5;101
32;6;24
32;7;50
32;8;452
32;9;949
32;10;167
32;11;67
32;12;61
32;13;319
32;14;55
32;15;136
32;16;110
32;17;88
32;18;148
32;19;110
32;20;153
32;21;168
32;22;496
32;23;60
32;24;82
32;25;31
32;26;120
32;27;82
32;28;119
32;29;23
32;30;2204
32;31;301
32;33;254
32;34;17
32;35;12
32;36;226
32;37;83
32;38;65
32;39;28
32;40;124
32;41;29
32;42;206
32;43;19
32;44;174
32;45;20
32;46;125
32;47;736
32;48;55
32;49;11
32;50;168
32;51;30
32;52;70
33;1;19
33;2;145
33;3;56
33;4;149
33;5;102
33;6;3
33;7;38
33;8;79
33;9;427
33;10;253
33;11;69
33;12;32
33;13;78
33;14;75
33;15;24
33;16;26
33;17;24
33;18;57
33;19;8
33;20;591
33;21;45
33;22;57
33;23;19
33;24;24
33;25;47
33;26;67
33;27;52
33;28;48
33;29;24
33;30;848
33;31;149
33;32;98
33;34;21
33;35;17
33;36;109
33;37;52
33;38;512
33;39;42
33;40;59
33;41;9
33;42;62
33;43;35
33;44;56
33;45;10
33;46;28
33;47;165
33;48;36
33;49;12
33;50;411
33;51;8
33;52;15
34;1;8
34;2;60
34;3;12
34;4;26
34;5;84
34;6;6
34;7;6
34;8;85
34;9;249
34;10;81
34;11;18
34;12;6
34;13;21
34;14;25
34;15;24
34;16;5
34;17;10
34;18;520
34;19;4
34;20;39
34;21;24
34;22;14
34;23;12
34;24;23
34;25;5
34;26;9
34;27;131
34;28;15
34;29;260
34;30;483
34;31;52
34;32;32
34;33;27
34;35;12
34;36;90
34;37;952
34;38;21
34;39;13
34;40;58
34;41;7
34;42;28
34;43;1
34;44;25
34;45;4
34;46;29
34;47;59
34;48;29
34;49;27
34;50;35
34;52;5
35;1;1
35;2;48
35;3;17
35;4;37
35;5;64
35;6;9
35;7;11
35;8;34
35;9;78
35;10;96
35;11;164
35;12;4
35;13;5
35;14;160
35;15;11
35;16;9
35;17;2
35;18;24
35;19;7
35;20;33
35;21;9
35;22;6
35;23;16
35;25;11
35;27;117
35;28;9
35;29;10
35;30;356
35;31;22
35;32;21
35;33;25
35;34;11
35;36;21
35;37;25
35;38;26
35;39;27
35;40;26
35;41;25
35;42;18
35;43;14
35;44;11
35;45;3
35;46;17
35;47;40
35;48;350
35;49;31
35;50;30
35;52;9
36;1;55
36;2;324
36;3;143
36;4;67
36;5;214
36;6;16
36;7;104
36;8;423
36;9;775
36;10;162
36;11;40
36;12;50
36;13;414
36;14;96
36;15;57
36;16;46
36;17;109
36;18;399
36;19;25
36;20;111
36;21;112
36;22;208
36;23;45
36;24;87
36;25;30
36;26;91
36;27;103
36;28;54
36;29;67
36;30;1767
36;31;460
36;32;186
36;33;90
36;34;57
36;35;22
36;37;359
36;38;41
36;39;70
36;40;1638
36;41;22
36;42;417
36;43;10
36;44;64
36;45;15
36;46;119
36;47;334
36;48;83
36;49;19
36;50;174
36;51;22
36;52;145
37;1;17
37;2;118
37;3;49
37;4;27
37;5;148
37;6;3
37;7;11
37;8;266
37;9;466
37;10;104
37;11;35
37;12;27
37;13;105
37;14;81
37;15;23
37;16;23
37;17;28
37;18;1758
37;19;13
37;20;57
37;21;42
37;22;56
37;23;38
37;24;16
37;25;22
37;26;17
37;27;120
37;28;32
37;29;387
37;30;1327
37;31;102
37;32;100
37;33;58
37;34;724
37;35;17
37;36;500
37;38;33
37;39;27
37;40;239
37;41;24
37;42;58
37;43;7
37;44;63
37;45;6
37;46;38
37;47;165
37;48;73
37;49;46
37;50;78
37;51;9
37;52;11
38;1;11
38;2;119
38;3;38
38;4;362
38;5;41
38;6;14
38;7;20
38;8;41
38;9;269
38;10;231
38;11;122
38;12;16
38;13;41
38;14;106
38;15;26
38;16;11
38;17;11
38;18;25
38;19;11
38;20;142
38;21;17
38;22;19
38;23;16
38;24;14
38;25;21
38;26;16
38;27;55
38;28;33
38;29;17
38;30;432
38;31;42
38;32;74
38;33;706
38;34;21
38;35;4
38;36;42
38;37;26
38;39;23
38;40;30
38;41;8
38;42;37
38;43;56
38;44;36
38;45;2
38;46;57
38;47;105
38;48;20
38;49;7
38;50;260
38;51;5
38;52;1
39;1;5
39;2;139
39;3;28
39;4;32
39;5;99
39;6;131
39;7;65
39;8;111
39;9;256
39;10;106
39;11;85
39;12;209
39;13;54
39;14;56
39;15;21
39;16;15
39;17;18
39;18;55
39;19;4
39;20;81
39;21;36
39;22;27
39;23;18
39;24;28
39;25;12
39;26;7
39;27;117
39;28;17
39;29;8
39;30;1500
39;31;93
39;32;33
39;33;60
39;34;21
39;35;50
39;36;76
39;37;50
39;38;36
39;40;87
39;41;43
39;42;67
39;43;14
39;44;27
39;46;62
39;47;122
39;48;237
39;49;165
39;50;52
39;51;4
39;52;4
40;1;31
40;2;267
40;3;94
40;4;34
40;5;187
40;6;27
40;7;86
40;8;380
40;9;736
40;10;96
40;11;19
40;12;30
40;13;271
40;14;91
40;15;65
40;16;51
40;17;85
40;18;224
40;19;21
40;20;89
40;21;91
40;22;145
40;23;36
40;24;68
40;25;24
40;26;33
40;27;74
40;28;46
40;29;29
40;30;1493
40;31;420
40;32;142
40;33;73
40;34;51
40;35;25
40;36;1751
40;37;225
40;38;27
40;39;39
40;41;16
40;42;285
40;43;7
40;44;93
40;45;17
40;46;67
40;47;289
40;48;63
40;49;19
40;50;121
40;51;16
40;52;73
41;1;6
41;2;60
41;3;29
41;4;13
41;5;23
41;6;80
41;7;20
41;8;35
41;9;52
41;10;19
41;11;78
41;12;7
41;13;18
41;14;25
41;15;10
41;16;11
41;17;8
41;18;13
41;19;3
41;20;19
41;21;13
41;22;4
41;23;14
41;24;24
41;25;11
41;26;12
41;27;34
41;28;22
41;29;5
41;30;1525
41;31;41
41;32;41
41;33;13
41;34;11
41;35;18
41;36;36
41;37;20
41;38;10
41;39;25
41;40;25
41;42;19
41;43;33
41;44;19
41;45;5
41;46;36
41;47;47
41;48;252
41;49;18
41;50;45
41;51;15
41;52;6
42;1;65
42;2;307
42;3;261
42;4;37
42;5;109
42;6;18
42;7;507
42;8;1012
42;9;1186
42;10;120
42;11;44
42;12;104
42;13;1813
42;14;84
42;15;75
42;16;76
42;17;666
42;18;100
42;19;30
42;20;121
42;21;137
42;22;390
42;23;50
42;24;1327
42;25;23
42;26;185
42;27;63
42;28;52
42;29;29
42;30;2301
42;31;1411
42;32;242
42;33;137
42;34;49
42;35;15
42;36;574
42;37;73
42;38;49
42;39;45
42;40;322
42;41;28
42;43;12
42;44;113
42;45;18
42;46;98
42;47;318
42;48;96
42;49;20
42;50;153
42;51;103
42;52;67
43;1;11
43;2;34
43;3;22
43;4;20
43;5;17
43;6;4
43;7;9
43;8;15
43;9;86
43;10;18
43;11;73
43;12;12
43;13;12
43;14;17
43;15;10
43;16;1
43;17;4
43;18;14
43;19;6
43;20;27
43;21;17
43;22;14
43;23;20
43;24;5
43;25;6
43;26;3
43;27;21
43;28;8
43;29;6
43;30;336
43;31;20
43;32;18
43;33;81
43;34;4
43;35;15
43;36;5
43;37;6
43;38;73
43;39;12
43;40;9
43;41;28
43;42;16
43;44;12
43;45;12
43;46;10
43;47;32
43;48;55
43;49;2
43;50;223
43;51;1
43;52;1
44;1;29
44;2;268
44;3;165
44;4;38
44;5;78
44;6;17
44;7;69
44;8;281
44;9;6408
44;10;115
44;11;43
44;12;40
44;13;101
44;14;53
44;15;442
44;16;42
44;17;77
44;18;65
44;19;24
44;20;87
44;21;340
44;22;127
44;23;26
44;24;49
44;25;94
44;26;106
44;27;35
44;28;690
44;29;47
44;30;536
44;31;175
44;32;230
44;33;95
44;34;32
44;35;9
44;36;115
44;37;38
44;38;32
44;39;30
44;40;110
44;41;12
44;42;134
44;43;10
44;45;83
44;46;44
44;47;372
44;48;36
44;49;9
44;50;303
44;51;18
44;52;69
45;1;13
45;2;50
45;3;22
45;4;7
45;5;23
45;7;7
45;8;30
45;9;279
45;10;20
45;11;13
45;12;4
45;13;14
45;14;10
45;15;147
45;16;6
45;17;5
45;18;9
45;19;10
45;20;13
45;21;16
45;22;13
45;23;27
45;24;5
45;25;58
45;26;5
45;27;6
45;28;36
45;29;12
45;30;149
45;31;14
45;32;40
45;33;26
45;34;7
45;35;10
45;36;18
45;37;12
45;38;29
45;40;18
45;41;1
45;42;20
45;43;12
45;44;83
45;46;9
45;47;330
45;48;3
45;50;748
45;52;3
46;1;119
46;2;398
46;3;110
46;4;57
46;5;128
46;6;152
46;7;176
46;8;206
46;9;341
46;10;86
46;11;51
46;12;253
46;13;107
46;14;77
46;15;66
46;16;413
46;17;79
46;18;54
46;19;143
46;20;86
46;21;73
46;22;93
46;23;172
46;24;52
46;25;32
46;26;64
46;27;45
46;28;63
46;29;21
46;30;9627
46;31;199
46;32;228
46;33;128
46;34;26
46;35;19
46;36;168
46;37;53
46;38;32
46;39;68
46;40;94
46;41;66
46;42;113
46;43;23
46;44;57
46;45;24
46;47;259
46;48;65
46;49;29
46;50;72
46;51;21
46;52;28
47;1;504
47;2;2440
47;3;345
47;4;108
47;5;171
47;6;38
47;7;115
47;8;1339
47;9;2224
47;10;237
47;11;71
47;12;65
47;13;181
47;14;139
47;15;1524
47;16;192
47;17;127
47;18;161
47;19;470
47;20;213
47;21;216
47;22;217
47;23;92
47;24;118
47;25;124
47;26;173
47;27;92
47;28;307
47;29;46
47;30;2991
47;31;410
47;32;732
47;33;193
47;34;46
47;35;28
47;36;320
47;37;139
47;38;103
47;39;52
47;40;237
47;41;36
47;42;282
47;43;21
47;44;361
47;45;296
47;46;184
47;48;111
47;49;29
47;50;458
47;51;31
47;52;37
48;1;13
48;2;185
48;3;41
48;4;49
48;5;127
48;6;83
48;7;70
48;8;130
48;9;249
48;10;102
48;11;210
48;12;50
48;13;46
48;14;138
48;15;33
48;16;15
48;17;58
48;18;69
48;19;5
48;20;55
48;21;25
48;22;21
48;23;26
48;24;30
48;25;20
48;26;5
48;27;235
48;28;22
48;29;25
48;30;1325
48;31;118
48;32;71
48;33;50
48;34;33
48;35;307
48;36;80
48;37;73
48;38;34
48;39;165
48;40;102
48;41;214
48;42;51
48;43;35
48;44;27
48;45;6
48;46;43
48;47;169
48;49;238
48;50;117
48;51;5
48;52;12
49;1;7
49;2;58
49;3;11
49;4;20
49;5;101
49;6;34
49;7;21
49;8;49
49;9;107
49;10;61
49;11;44
49;12;12
49;13;11
49;14;52
49;15;17
49;16;4
49;17;12
49;18;42
49;19;6
49;20;38
49;21;18
49;22;14
49;23;14
49;24;10
49;25;2
49;27;188
49;28;8
49;29;10
49;30;659
49;31;25
49;32;33
49;33;27
49;34;46
49;35;46
49;36;22
49;37;49
49;38;23
49;39;223
49;40;31
49;41;27
49;42;34
49;43;5
49;44;22
49;45;2
49;46;41
49;47;52
49;48;273
49;50;44
49;51;4
49;52;5
50;1;41
50;2;278
50;3;179
50;4;60
50;5;99
50;6;17
50;7;59
50;8;201
50;9;1078
50;10;147
50;11;74
50;12;39
50;13;106
50;14;87
50;15;187
50;16;42
50;17;80
50;18;79
50;19;25
50;20;97
50;21;137
50;22;102
50;23;75
50;24;80
50;25;767
50;26;39
50;27;89
50;28;251
50;29;19
50;30;1502
50;31;213
50;32;196
50;33;581
50;34;26
50;35;13
50;36;117
50;37;55
50;38;197
50;39;33
50;40;99
50;41;35
50;42;170
50;43;141
50;44;333
50;45;506
50;46;64
50;47;523
50;48;79
50;49;24
50;51;19
50;52;33
51;1;4
51;2;51
51;3;70
51;4;2
51;5;14
51;6;2
51;7;26
51;8;42
51;9;68
51;10;17
51;11;4
51;12;8
51;13;519
51;14;3
51;15;13
51;16;7
51;17;39
51;18;16
51;19;4
51;20;25
51;21;15
51;22;134
51;23;2
51;24;23
51;26;40
51;27;18
51;28;12
51;29;3
51;30;249
51;31;411
51;32;32
51;33;14
51;34;2
51;36;30
51;37;13
51;38;11
51;39;8
51;40;22
51;41;6
51;42;162
51;43;1
51;44;14
51;46;19
51;47;42
51;48;8
51;49;2
51;50;44
51;52;29
52;1;6
52;2;75
52;3;245
52;4;7
52;5;16
52;6;10
52;7;17
52;8;92
52;9;247
52;10;13
52;11;6
52;12;9
52;13;86
52;14;13
52;15;23
52;16;7
52;17;47
52;18;14
52;19;8
52;20;16
52;21;96
52;22;177
52;23;3
52;24;10
52;25;4
52;26;19
52;27;1
52;28;37
52;29;5
52;30;237
52;31;419
52;32;100
52;33;12
52;34;1
52;35;3
52;36;126
52;37;14
52;38;16
52;39;10
52;40;59
52;41;13
52;42;78
52;43;1
52;44;74
52;45;3
52;46;21
52;47;62
52;48;12
52;49;1
52;50;61
52;51;38
